	mask_type	p@1	p@5	p@10	relation	mrr	anchor_wordnet_avg_path	anchor_wordnet_coverage	label
0	subj_anchors_sg	71.89999999999999	94.39999999999999	94.5	IsA	82.0	3.62	0.998	sub_sister
1	anchor_col_all	71.89999999999999	94.39999999999999	94.5	IsA	82.0	3.62	0.998	sub_sister
0	sentence	6.6000000000000005	22.3	30.099999999999998	IsA	14.000000000000002	3.62	0.998	obj_label
1	def_sap	14.499999999999998	35.4	44.9	IsA	23.3	3.62	0.998	obj_label
2	lsp_sap	4.7	24.9	36.8	IsA	13.200000000000001	3.62	0.998	obj_label
3	sentence_dap	5.4	20.1	28.999999999999996	IsA	12.7	3.62	0.998	obj_label
4	def_dap	8.799999999999999	25.8	37.2	IsA	16.0	3.62	0.998	obj_label
5	lsp_dap	4.9	20.5	32.5	IsA	11.899999999999999	3.62	0.998	obj_label
