	mask_type	p@1	p@5	p@10	relation	mrr	anchor_wordnet_avg_path	anchor_wordnet_coverage	label
0	subj_anchors_sg	33.1	63.5	63.5	IsA	44.3	6.04	0.95	sub_sister
1	anchor_col_all	33.1	63.5	77.4	IsA	46.2	6.04	0.95	sub_sister
0	sentence	6.4	22.400000000000002	30.2	IsA	13.8	6.04	0.95	obj_label
1	def_sap	14.799999999999999	36.0	46.7	IsA	24.0	6.04	0.95	obj_label
2	lsp_sap	9.2	28.799999999999997	39.5	IsA	17.299999999999997	6.04	0.95	obj_label
3	def_dap	13.700000000000001	33.900000000000006	42.9	IsA	22.3	6.04	0.95	obj_label
4	lsp_dap	9.5	26.700000000000003	37.8	IsA	17.4	6.04	0.95	obj_label
