	mask_type	p@1	p@5	p@10	relation	mrr	anchor_wordnet_avg_path	anchor_wordnet_coverage	label
0	subj_anchors_sg	76.9	94.39999999999999	94.39999999999999	IsA	85.1	3.78	0.998	sub_sister
1	anchor_col_all	76.9	94.39999999999999	94.39999999999999	IsA	85.1	3.78	0.998	sub_sister
0	sentence	6.4	22.400000000000002	30.2	IsA	13.8	3.78	0.998	obj_label
1	def_sap	14.799999999999999	36.0	46.7	IsA	24.0	3.78	0.998	obj_label
2	lsp_sap	9.2	28.799999999999997	39.5	IsA	17.299999999999997	3.78	0.998	obj_label
3	def_dap	15.2	35.4	45.6	IsA	23.9	3.78	0.998	obj_label
4	lsp_dap	10.7	28.799999999999997	39.800000000000004	IsA	18.3	3.78	0.998	obj_label
