,mask_type,p@1,p@10,relation,mrr,mAP@1,mAP@10
0,mask_incontext,0.028547439126784216,0.10999160369437448,IsA,5.2,0.09991603694374475,0.13772673357056225
1,mask_sap,0.030226700251889168,0.10999160369437448,IsA,5.2,0.11083123425692695,0.1430503911612223
2,mask_dap,0.023509655751469353,0.12090680100755667,IsA,4.7,0.08564231738035265,0.12404758572894585
3,mask_sap_dap,0.022670025188916875,0.11418975650713686,IsA,4.0,0.09235936188077246,0.11866686991057275
4,mask_incontext_dap,0.017632241813602016,0.1200671704450042,IsA,3.9,0.07892527287993283,0.1103431156957606
