,mask_type,p@1,p@10,relation,mrr,mAP@1,mAP@10
0,mask_incontext,0.057986021227025626,0.21239968936060058,IsA,10.0,0.18068858400207094,0.2304161093853362
1,mask_sap,0.05552679264820088,0.20385710587626196,IsA,9.6,0.17460522909655707,0.22298404377714465
2,mask_dap,0.03015790836137717,0.1483303132280611,IsA,6.0,0.09319181982914833,0.14813416047236916
3,mask_sap_dap,0.044783846751229615,0.19259642764690654,IsA,7.7,0.14858917939425317,0.18883910765819215
4,mask_incontext_dap,0.046207610665286045,0.19751488480455603,IsA,7.9,0.15402536888428683,0.19557784595271596
