,mask_type,p@1,p@10,relation,mrr,mAP@1,mAP@10
0,mask_incontext,0.4,0.8,IsA,53.3,0.4,0.5333333333333333
1,mask_sap,0.4,0.6,IsA,43.3,0.4,0.4333333333333334
2,mask_dap,0.6,0.8,IsA,66.7,0.6,0.5866666666666667
3,mask_sap_dap,0.2,0.8,IsA,28.7,0.2,0.2872222222222222
4,mask_incontext_dap,0.2,0.8,IsA,37.3,0.2,0.37333333333333335
