,mask_type,p@1,p@10,relation,mrr,mAP@1,mAP@10
0,mask_incontext,0.030141843971631204,0.020390070921985786,Has,0.0,0.030141843971631204,0.05984077732747944
1,mask_sap,0.225177304964539,0.08191489361702146,Has,0.0,0.225177304964539,0.28959265591579425
2,mask_dap,0.17375886524822695,0.08510638297872383,Has,0.0,0.17375886524822695,0.2628001285226461
3,mask_sap_dap,0.19858156028368795,0.12500000000000014,Has,0.0,0.19858156028368795,0.3106542107583773
4,mask_incontext_dap,0.005319148936170213,0.056028368794326405,Has,0.0,0.005319148936170213,0.07991522899545966
