,mask_type,p@1,p@10,relation,mrr,mAP@1,mAP@10
0,mask_incontext,0.030141843971631204,0.020390070921985786,Has,0.0,0.030141843971631204,0.05984077732747944
1,mask_sap,0.225177304964539,0.08191489361702146,Has,0.0,0.225177304964539,0.28959265591579425
2,mask_dap,0.18439716312056736,0.08226950354609971,Has,0.0,0.18439716312056736,0.2707377622049607
3,mask_sap_dap,0.20212765957446807,0.12482269503546116,Has,0.0,0.20212765957446807,0.3134566494052307
4,mask_incontext_dap,0.005319148936170213,0.05460992907801435,Has,0.0,0.005319148936170213,0.07662161338136529
