,mask_type,p@1,p@10,relation,mrr,mAP@1,mAP@10
0,mask_incontext,0.030141843971631204,0.020390070921985786,Has,0.0,0.030141843971631204,0.05984077732747944
1,mask_sap,0.225177304964539,0.08191489361702146,Has,0.0,0.225177304964539,0.28959265591579425
2,mask_dap,0.18971631205673758,0.08351063829787277,Has,0.0,0.18971631205673758,0.27394191620698694
3,mask_sap_dap,0.19680851063829788,0.12358156028368812,Has,0.0,0.19680851063829788,0.30923598211940384
4,mask_incontext_dap,0.005319148936170213,0.05496453900709237,Has,0.0,0.005319148936170213,0.07728263724717642
