,mask_type,p@1,p@10,relation,mrr,mAP@1,mAP@10
0,mask_incontext,0.030141843971631204,0.020390070921985786,Has,0.0,0.030141843971631204,0.05984077732747944
1,mask_sap,0.225177304964539,0.08191489361702146,Has,0.0,0.225177304964539,0.28959265591579425
2,mask_dap,0.17553191489361702,0.08687943262411389,Has,0.0,0.17553191489361702,0.2638136515441479
3,mask_sap_dap,0.19680851063829788,0.12606382978723416,Has,0.0,0.19680851063829788,0.30809009015347655
4,mask_incontext_dap,0.005319148936170213,0.0558510638297874,Has,0.0,0.005319148936170213,0.07988286380352
