	mask_type	p@1	p@5	p@10	relation	mrr	anchor_wordnet_avg_path	anchor_wordnet_coverage	label
0	subj_anchors_swow_sg	22.900000000000002	59.4	59.4	IsA	0.0	7.19	0.823	sub_sister
1	subj_anchors_swow_all	22.900000000000002	59.4	71.89999999999999	IsA	0.0	7.19	0.823	sub_sister
0	sentence	6.4	22.1	30.0	IsA	13.700000000000001	7.19	0.823	obj_label
1	def_sap	14.7	36.0	46.5	IsA	23.9	7.19	0.823	obj_label
2	lsp_sap	7.8	27.1	37.9	IsA	16.0	7.19	0.823	obj_label
3	def_dap	12.1	36.199999999999996	46.2	IsA	22.3	7.19	0.823	obj_label
4	lsp_dap	8.4	24.8	36.4	IsA	15.8	7.19	0.823	obj_label
